,City,Country,Date,Latitude,Longitude,Cloudiness (%),Humidity (%),Max Temp (F),Wind Speed (mph)
0,fuvahmulah,,,,,,,,
1,zhangjiakou,CN,2024-04-25 22:17:54,40.81,114.8794,100,27,72.89600000000004,0.88
2,muzayri',,,,,,,,
3,clorinda,AR,2024-04-25 22:17:54,-25.2848,-57.7185,42,86,81.03200000000001,2.67
4,papatowai,NZ,2024-04-25 22:09:29,-46.5619,169.4708,80,79,46.417999999999985,7.06
5,adamstown,PN,2024-04-25 22:17:54,-25.066,-130.1015,48,89,74.11999999999996,8.51
6,yellowknife,CA,2024-04-25 22:17:54,62.456,-114.3525,75,84,24.691999999999997,11.83
7,grytviken,GS,2024-04-25 22:17:55,-54.2811,-36.5092,20,83,35.20399999999995,1.85
8,weno,FM,2024-04-25 22:08:11,7.4515,151.8468,81,80,84.326,8.03
9,colby,US,2024-04-25 22:16:55,39.3958,-101.0524,100,92,57.524000000000015,12.86
10,alice springs,AU,2024-04-25 22:09:40,-23.7,133.8833,85,32,64.21999999999997,4.63
11,klaksvik,FO,2024-04-25 22:17:55,62.2266,-6.589,100,82,40.38800000000005,11.22
12,port-aux-francais,TF,2024-04-25 22:17:55,-49.35,70.2167,100,82,42.04399999999997,6.96
13,tranovaho,,,,,,,,
14,ushuaia,AR,2024-04-25 22:16:36,-54.8,-68.3,100,97,38.11999999999996,0.54
15,novodvinsk,RU,2024-04-25 22:17:56,64.4165,40.8122,100,96,37.417999999999985,2.97
16,kabare,CD,2024-04-25 22:17:56,-2.4683,28.8242,99,95,63.5,0.87
17,invercargill,NZ,2024-04-25 22:17:56,-46.4,168.35,100,78,48.29000000000002,4.02
18,waitangi,NZ,2024-04-25 22:17:56,-43.9535,-176.5597,100,89,63.08599999999997,5.36
19,zemio,CF,2024-04-25 22:17:56,5.0314,25.1361,99,89,71.49199999999999,1.4
20,saint-philippe,RE,2024-04-25 22:17:57,-21.3585,55.7679,40,82,75.05600000000004,4.78
21,punta arenas,CL,2024-04-25 22:17:17,-53.15,-70.9167,0,86,32.377999999999965,3.09
22,margaret river,AU,2024-04-25 22:17:57,-33.95,115.0667,2,48,68.792,2.99
23,ambon,ID,2024-04-25 22:17:57,-3.6954,128.1814,40,70,90.01400000000004,2.06
24,annau,TM,2024-04-25 22:17:57,37.8876,58.516,55,39,71.33000000000004,0.94
25,thompson,CA,2024-04-25 22:17:57,55.7435,-97.8558,75,57,48.63200000000002,1.03
26,parkes,AU,2024-04-25 22:17:58,-33.1333,148.1833,0,32,72.62599999999999,3.28
27,bardai,NG,2024-04-25 22:17:58,11.65,7.2333,2,53,79.484,4.44
28,odesskoye,RU,2024-04-25 22:17:58,54.2111,72.9651,98,43,44.6,2.78
29,ust-nera,RU,2024-04-25 22:17:58,64.5667,143.2,100,93,34.73599999999997,1.73
30,edinburgh of the seven seas,SH,2024-04-25 22:17:58,-37.0676,-12.3116,100,88,65.858,16.76
31,broken hill,AU,2024-04-25 22:17:58,-31.95,141.4333,0,42,61.627999999999965,5.39
32,murghob,TJ,2024-04-25 22:17:58,38.1702,73.9667,95,54,29.714000000000034,2.85
33,sedrata,DZ,2024-04-25 22:17:59,36.1287,7.5338,97,50,51.943999999999974,3.55
34,bethel,US,2024-04-25 22:15:09,41.3712,-73.414,0,71,43.43000000000004,0.89
35,sennoy,RU,2024-04-25 22:13:03,52.1509,46.9631,99,65,58.11799999999998,1.87
36,whitehorse,CA,2024-04-25 22:17:59,60.7161,-135.0538,75,24,56.443999999999974,3.6
37,wailua homesteads,US,2024-04-25 22:17:59,22.0669,-159.378,100,74,81.30199999999998,7.72
38,sao joao da barra,BR,2024-04-25 22:18:00,-21.6403,-41.0511,9,90,74.53399999999999,3.62
39,williamston,US,2024-04-25 22:17:59,35.8546,-77.0555,80,87,52.358000000000004,3.78
40,tralee,IE,2024-04-25 22:18:00,52.2704,-9.7026,100,96,44.27599999999999,1.67
41,colonia,DE,2024-04-25 22:06:23,50.9333,6.95,20,64,47.227999999999966,5.66
42,birecik,TR,2024-04-25 22:18:01,37.0294,37.9903,100,42,63.877999999999965,2.15
43,sitka,US,2024-04-25 22:18:01,57.0531,-135.33,0,66,53.76199999999996,4.63
44,tangalle,LK,2024-04-25 22:18:01,6.024,80.7911,100,79,83.03000000000004,2.93
45,cacapava do sul,BR,2024-04-25 22:18:01,-30.5122,-53.4914,66,81,61.592,1.06
46,holualoa,US,2024-04-25 22:18:00,19.6228,-155.9522,40,88,77.108,4.12
47,miri,MY,2024-04-25 22:18:02,4.4148,114.0089,73,86,83.82200000000003,2.88
48,qaqortoq,GL,2024-04-25 22:18:02,60.7167,-46.0333,100,87,39.83000000000004,5.07
49,vila velha,BR,2024-04-25 22:13:15,-20.3297,-40.2925,20,89,77.21600000000001,2.24
50,kodiak,US,2024-04-25 22:18:02,57.79,-152.4072,75,76,44.38399999999999,2.06
51,taiohae,,,,,,,,
52,georgetown,MY,2024-04-25 22:18:01,5.4112,100.3354,20,74,89.79800000000003,1.54
53,arraial do cabo,BR,2024-04-25 22:18:03,-22.9661,-42.0278,30,81,76.08200000000002,4.83
54,port mathurin,MU,2024-04-25 22:18:03,-19.6833,63.4167,13,76,79.98800000000006,6.6
55,'ohonua,,,,,,,,
56,manay,PH,2024-04-25 22:18:03,7.215,126.5397,41,60,88.10600000000002,4.13
57,puerto natales,CL,2024-04-25 22:17:18,-51.7236,-72.4875,20,74,33.54800000000002,2.97
58,klyuchi,RU,2024-04-25 22:18:04,52.2667,79.1667,2,37,38.96600000000001,4.84
59,zangguy,,,,,,,,
60,pangody,RU,2024-04-25 22:18:04,65.85,74.4859,33,94,20.516000000000005,4.24
61,suntar,RU,2024-04-25 22:09:29,62.1444,117.6319,100,74,28.382000000000016,2.94
62,touros,BR,2024-04-25 22:18:04,-5.1989,-35.4608,100,87,79.57400000000001,4.74
63,ancud,CL,2024-04-25 22:18:04,-41.8697,-73.8203,94,69,48.127999999999965,8.87
64,tabas,IR,2024-04-25 22:18:04,33.5959,56.9244,81,59,65.42599999999999,1.13
65,atafu village,TK,2024-04-25 22:09:41,-8.5421,-172.5159,28,75,85.316,4.79
66,tulum,MX,2024-04-25 22:18:05,20.2167,-87.4667,36,76,79.28599999999997,3.44
67,we,,,,,,,,
68,hawaiian paradise park,US,2024-04-25 22:18:05,19.5933,-154.9731,40,74,78.00800000000001,2.06
69,aoulef,DZ,2024-04-25 22:18:06,26.9667,1.0833,17,12,81.08599999999997,5.22
70,iqaluit,CA,2024-04-25 22:17:39,63.7506,-68.5145,100,78,8.599999999999998,5.14
71,virac,PH,2024-04-25 22:18:06,13.6333,124.2167,39,71,80.94200000000001,3.93
72,port elizabeth,ZA,2024-04-25 22:15:05,-33.918,25.5701,100,94,63.37400000000001,4.12
73,aasiaat,GL,2024-04-25 22:18:06,68.7098,-52.8699,100,90,28.30999999999998,3.41
74,utrik,MH,2024-04-25 22:18:07,11.2278,169.8474,85,74,81.12200000000004,9.8
75,pisco,PE,2024-04-25 22:18:07,-13.7,-76.2167,0,83,68.32400000000001,4.63
76,carnarvon,AU,2024-04-25 22:18:07,-24.8667,113.6333,100,41,83.78599999999997,5.22
77,tiksi,RU,2024-04-25 22:18:07,71.6872,128.8694,99,82,11.461999999999954,4.9
78,longyearbyen,SJ,2024-04-25 22:18:07,78.2186,15.6401,0,74,24.908000000000005,1.54
79,lihue,US,2024-04-25 22:18:07,21.9789,-159.3672,100,73,81.91400000000004,7.72
80,fortuna,US,2024-04-25 22:09:05,40.5982,-124.1573,100,94,53.924000000000014,5.14
81,selfoss,IS,2024-04-25 22:09:47,63.9331,-20.9971,59,76,35.311999999999955,3.33
82,salinopolis,BR,2024-04-25 22:18:08,-0.6136,-47.3561,100,92,78.44000000000003,3.6
83,rawson,AR,2024-04-25 22:15:16,-43.3002,-65.1023,2,32,61.25,13.7
84,mumford,GH,2024-04-25 22:18:08,5.2618,-0.759,86,89,82.11199999999997,4.19
85,lompoc,US,2024-04-25 22:18:08,34.6391,-120.4579,100,85,58.04600000000005,7.72
86,lebu,CL,2024-04-25 22:08:30,-37.6167,-73.65,94,89,53.47400000000002,3.92
87,blackmans bay,AU,2024-04-25 22:18:09,-43.0167,147.3167,16,56,62.99600000000005,0.89
88,marka,SO,2024-04-25 22:18:09,1.7159,44.7717,100,86,79.15999999999998,5.6
89,ebon,MH,2024-04-25 22:18:09,4.582,168.6964,77,83,83.174,9.02
90,ambovombe,MG,2024-04-25 22:18:09,-25.1667,46.0833,1,91,69.65600000000003,1.47
91,erenhot,CN,2024-04-25 22:18:09,43.6475,111.9767,73,26,56.73200000000001,3
92,howard springs,AU,2024-04-25 22:18:10,-12.497,131.047,37,53,94.08200000000002,4.8
93,constantia,RO,2024-04-25 22:16:57,44.1833,28.65,51,94,52.969999999999956,6.44
94,behshahr,IR,2024-04-25 22:18:10,36.6923,53.5526,0,66,57.41600000000001,1.12
95,sechura,PE,2024-04-25 22:18:10,-5.5569,-80.8222,10,71,74.084,5.68
96,port blair,IN,2024-04-25 22:14:32,11.6667,92.75,40,66,91.70600000000003,1.03
97,kuta,ID,2024-04-25 22:18:11,-8.7233,115.1723,20,84,86.26999999999995,5.36
98,gamba,GA,2024-04-25 22:18:11,-2.65,10,100,94,79.12400000000002,1.76
99,hilo,US,2024-04-25 22:18:11,19.7297,-155.09,40,74,78.22400000000002,2.06
100,nizhniy lomov,RU,2024-04-25 22:18:11,53.5304,43.6766,100,59,58.406000000000034,5.05
101,mokolo,CM,2024-04-25 22:18:12,10.7398,13.8019,27,38,83.01199999999996,2.95
102,la ronge,CA,2024-04-25 22:09:30,55.1001,-105.2842,74,45,46.903999999999954,2.21
103,ascencion de guarayos,,,,,,,,
104,cooma,AU,2024-04-25 22:16:15,-36.2333,149.1333,0,38,60.96199999999996,0.76
105,gamboru,NG,2024-04-25 22:18:13,12.3707,14.2173,16,27,87.92599999999999,2.55
106,sicuani,PE,2024-04-25 22:18:13,-14.2694,-71.2261,100,76,50.377999999999965,1.21
107,kailua-kona,US,2024-04-25 22:18:13,19.6406,-155.9956,40,88,80.834,4.12
108,inhambane,MZ,2024-04-25 22:18:13,-23.865,35.3833,99,66,76.64000000000001,3.74
109,st. john's,CA,2024-04-25 22:08:45,47.5649,-52.7093,7,83,33.061999999999955,3.58
110,cristalina,BR,2024-04-25 22:18:14,-16.7686,-47.6136,1,66,67.226,0.88
111,ilulissat,GL,2024-04-25 22:18:14,69.2167,-51.1,40,93,32.288000000000046,0
112,port alberni,CA,2024-04-25 22:18:14,49.2413,-124.8028,100,97,50.19800000000002,2.24
113,fort st. john,CA,2024-04-25 22:09:51,56.2499,-120.8529,98,67,38.69600000000005,3.99
114,west island,CC,2024-04-25 22:18:14,-12.1568,96.8225,75,79,84.45199999999997,8.23
115,puerto ayora,EC,2024-04-25 22:18:15,-0.7393,-90.3518,50,97,77.82799999999997,1.34
116,udachny,RU,2024-04-25 22:05:45,66.4167,112.4,100,89,16.717999999999982,5.71
117,new norfolk,AU,2024-04-25 22:10:11,-42.7826,147.0587,85,57,64.184,2.45
118,college,US,2024-04-25 22:15:22,64.8569,-147.8028,20,26,62.81600000000001,0
119,stanley,GB,2024-04-25 22:18:15,54.868,-1.6985,20,93,33.98000000000004,1.54
120,nema,RU,2024-04-25 22:18:16,57.5067,50.5011,100,88,51.78200000000002,5.1
121,swift current,CA,2024-04-25 22:13:49,50.2834,-107.8014,28,38,56.35399999999996,1.67
122,bilibino,RU,2024-04-25 22:16:07,68.0546,166.4372,92,73,25.39399999999997,1.36
123,san-pedro,CI,2024-04-25 22:18:16,4.7485,-6.6363,59,90,80.15,2.17
124,iskateley,RU,2024-04-25 22:14:10,67.6803,53.1512,100,97,32.288000000000046,5.81
125,zapatoca,CO,2024-04-25 22:18:17,6.8153,-73.2677,96,87,61.82599999999999,2.28
126,nelson bay,AU,2024-04-25 22:18:17,-32.7167,152.15,96,64,70.26799999999999,6.26
127,jamestown,US,2024-04-25 22:18:17,42.097,-79.2353,0,79,37.814000000000036,2.14
128,bredasdorp,ZA,2024-04-25 22:18:17,-34.5322,20.0403,57,96,60.674000000000014,1.82
129,amga,RU,2024-04-25 22:18:18,60.8953,131.9608,100,70,23.791999999999994,4.19
130,yinchuan,CN,2024-04-25 22:18:18,38.4681,106.2731,97,18,71.13200000000002,6.23
131,tanki leendert,,,,,,,,
132,manicore,BR,2024-04-25 22:18:18,-5.8092,-61.3003,92,99,73.27400000000002,1.22
133,sale,MA,2024-04-25 22:18:19,34.0389,-6.8166,75,100,57.90199999999997,0
134,hotan,CN,2024-04-25 22:18:19,37.0997,79.9269,6,12,73.99399999999997,3.34
135,ust'-barguzin,RU,2024-04-25 22:18:19,53.45,108.9833,100,66,36.03200000000002,2.25
136,maintirano,MG,2024-04-25 22:18:19,-18.0667,44.0167,83,86,76.1,3.65
137,siwa oasis,EG,2024-04-25 22:16:15,29.2041,25.5195,90,56,65.31799999999998,3.06
138,kokshetau,KZ,2024-04-25 22:18:19,53.2775,69.3883,0,53,45.193999999999974,3
139,paredon,MX,2024-04-25 22:18:19,16.0333,-93.8667,96,69,85.67599999999999,2.51
140,kapuskasing,CA,2024-04-25 22:18:20,49.4169,-82.4331,0,56,43.15999999999998,3.6
141,newman,US,2024-04-25 22:10:04,37.3138,-121.0208,83,61,64.90399999999995,3.13
142,kenai,US,2024-04-25 22:18:20,60.5544,-151.2583,100,78,46.417999999999985,5.14
143,queenstown,ZA,2024-04-25 22:10:11,-31.8976,26.8753,100,82,56.65999999999998,1.87
144,kushk,AF,2024-04-25 22:18:20,33.2957,61.9522,98,67,59.774000000000015,2.97
145,gadzhiyevo,RU,2024-04-25 22:18:20,69.2551,33.3362,100,93,33.74600000000005,2.05
146,vila franca do campo,PT,2024-04-25 22:18:21,37.7167,-25.4333,81,99,65.15600000000003,3.73
147,albany,US,2024-04-25 22:18:18,42.6001,-73.9662,1,51,41.161999999999956,2.54
148,kristiansund,NO,2024-04-25 22:10:08,63.1115,7.732,88,70,38.317999999999984,1.54
149,coxen hole,HN,2024-04-25 22:18:21,16.3244,-86.5366,20,69,81.95,7.2
150,isafjordur,IS,2024-04-25 22:09:30,66.0755,-23.124,28,74,35.15,1.29
151,bengkulu,ID,2024-04-25 22:18:21,-3.8004,102.2655,100,84,80.02400000000002,0.75
152,thinadhoo,MV,2024-04-25 22:18:21,0.5333,72.9333,55,77,84.79399999999998,3.58
153,keflavik,IS,2024-04-25 22:18:22,64.0049,-22.5624,0,81,39.38000000000004,6.17
154,vilyuysk,RU,2024-04-25 22:18:22,63.7553,121.6247,99,87,17.27599999999999,2.24
155,puerto deseado,AR,2024-04-25 22:18:22,-47.7503,-65.8938,7,46,53.38399999999999,9.5
156,chamical,AR,2024-04-25 22:18:22,-30.36,-66.314,94,85,62.25800000000001,1.97
157,polyarnyy,RU,2024-04-25 22:18:22,69.1989,33.4478,100,92,33.332000000000015,1.66
158,nar'yan-mar,RU,2024-04-25 22:18:22,67.6713,53.087,100,97,32.377999999999965,5.81
159,east london,ZA,2024-04-25 22:15:08,-33.0153,27.9116,75,82,63.806000000000026,4.12
160,xiongzhou,CN,2024-04-25 22:18:23,25.1167,114.3,81,73,79.89800000000002,2.3
161,francavilla al mare,IT,2024-04-25 22:18:23,42.4206,14.287,100,94,52.25,2.57
162,minas de marcona,PE,2024-04-25 22:18:23,-15.2119,-75.1103,72,85,60.04399999999997,5.33
163,olonkinbyen,SJ,2024-04-25 22:18:23,70.9221,-8.7187,95,76,29.227999999999962,6.32
164,saltillo,MX,2024-04-25 22:14:05,25.4167,-101,75,51,79.95199999999997,4.12
165,sandur,IN,2024-04-25 22:18:24,15.1,76.55,39,45,86.05399999999995,2.96
166,hermanus,ZA,2024-04-25 22:18:24,-34.4187,19.2345,33,91,63.067999999999984,4.28
167,pyt-yakh,RU,2024-04-25 22:18:24,60.7499,72.8582,9,78,29.930000000000042,1.49
168,vorgashor,RU,2024-04-25 22:18:24,67.5833,63.95,100,93,21.074000000000012,2.98
169,ribeira grande,PT,2024-04-25 22:18:25,38.5167,-28.7,86,89,60.04399999999997,4.02
170,dudinka,RU,2024-04-25 22:18:25,69.4058,86.1778,99,96,8.941999999999997,1.34
171,bamboo flat,IN,2024-04-25 22:18:25,11.7,92.7167,40,66,91.75999999999999,1.03
172,talnakh,RU,2024-04-25 22:18:25,69.4865,88.3972,88,91,8.47400000000001,1.78
173,san patricio,US,2024-04-25 22:18:25,28.017,-97.5169,100,89,78.11600000000001,7.43
174,hasaki,JP,2024-04-25 22:18:26,35.7333,140.8333,82,78,77.66600000000001,4.7
175,severo-yeniseyskiy,RU,2024-04-25 22:16:48,60.3725,93.0408,83,90,35.851999999999975,3.13
176,mana,GF,2024-04-25 22:18:26,5.6592,-53.7767,49,81,77.84600000000006,2.86
177,vingt cinq,,,,,,,,
178,villa gesell,AR,2024-04-25 22:16:53,-37.2639,-56.973,61,85,54.319999999999965,3.98
179,zaragoza,ES,2024-04-25 22:18:27,41.6561,-0.8773,40,75,51.29600000000005,1.03
180,alotau,,,,,,,,
181,katsuura,JP,2024-04-25 22:18:27,35.1333,140.3,20,77,73.68800000000005,3.53
182,cairns city,,,,,,,,
183,saratamata,,,,,,,,
184,hithadhoo,MV,2024-04-25 22:18:28,-0.6,73.0833,70,77,84.55999999999997,2.77
185,mokhsogollokh,RU,2024-04-25 22:18:28,61.4681,128.9203,100,72,18.5,4.28
186,malango,ID,2024-04-25 22:18:28,-2.9627,119.9001,49,59,84.79399999999998,1.99
187,kavaratti,IN,2024-04-25 22:18:29,10.5669,72.642,72,70,85.71199999999996,2.49
188,mundri,ID,2024-04-25 22:18:29,-6.9558,111.71,77,74,86.01799999999999,3.12
189,vadso,NO,2024-04-25 22:16:42,70.0744,29.7487,100,86,34.95199999999998,3.6
190,tura,IN,2024-04-25 22:18:29,25.5198,90.2201,0,38,90.76999999999995,3.94
191,ranavav,IN,2024-04-25 22:18:30,21.6842,69.7408,0,62,81.392,5.1
192,vilyuchinsk,RU,2024-04-25 22:09:35,52.9306,158.4028,100,72,57.74000000000002,1.15
193,tazacorte,ES,2024-04-25 22:18:30,28.629,-17.9293,100,79,65.642,4.12
194,ola,RU,2024-04-25 22:18:30,59.5833,151.2833,100,89,32.41400000000003,5.07
195,moratalla,ES,2024-04-25 22:18:30,38.1893,-1.8918,2,58,51.674000000000014,3.77
196,brookings,US,2024-04-25 22:18:31,44.3114,-96.7984,100,64,57.811999999999955,9.77
197,malvan,IN,2024-04-25 22:18:31,16.0667,73.4667,5,61,85.74800000000002,1.34
198,pico truncado,AR,2024-04-25 22:18:31,-46.7949,-67.9573,52,52,44.977999999999966,8.34
199,enewetak,MH,2024-04-25 22:18:31,11.3474,162.3373,89,77,81.68000000000004,9.87
200,bonny,NG,2024-04-25 22:18:31,4.4522,7.1681,50,83,82.58000000000004,2.64
201,ciudad lazaro cardenas,MX,2024-04-25 22:18:32,17.9583,-102.2,8,82,77.64800000000002,2.2
202,thame,GB,2024-04-25 22:18:32,51.7484,-0.9762,100,92,41.342,0.51
203,port alfred,ZA,2024-04-25 22:18:32,-33.5906,26.891,100,97,61.44800000000002,1.34
204,paraibano,BR,2024-04-25 22:18:33,-6.4331,-43.9836,62,88,73.976,0.78
205,punta gorda,US,2024-04-25 22:16:49,26.9298,-82.0454,20,82,74.26400000000004,4.02
206,necochea,AR,2024-04-25 22:16:28,-38.5473,-58.7368,60,94,50.99000000000002,4.02
207,baardheere,SO,2024-04-25 22:18:33,2.3446,42.2764,100,91,75.36199999999997,1.59
208,viedma,AR,2024-04-25 22:17:11,-40.8135,-62.9967,18,37,57.30800000000001,6.39
209,la quiaca,AR,2024-04-25 22:18:34,-22.1024,-65.593,70,42,57.79399999999997,1.72
210,avarua,CK,2024-04-25 22:18:34,-21.2078,-159.775,40,73,79.12400000000002,4.63
211,livadeia,GR,2024-04-25 22:18:34,38.435,22.8739,49,78,48.2,1.49
212,kem',RU,2024-04-25 22:18:34,64.9555,34.5793,100,98,31.748000000000026,5.47
213,shahrak-e pabedana,,,,,,,,
214,batyrevo,RU,2024-04-25 22:18:35,55.0675,47.6111,100,74,55.903999999999954,3.71
215,manado,ID,2024-04-25 22:16:35,1.487,124.8455,40,74,90.64399999999998,3.09
216,falam,MM,2024-04-25 22:18:35,22.9167,93.6833,0,21,85.24399999999997,2.94
217,afaahiti,PF,2024-04-25 22:10:07,-17.75,-149.2833,67,80,84.34399999999997,3.47
218,velykyy bereznyy,,,,,,,,
219,bandarbeyla,SO,2024-04-25 22:18:36,9.4942,50.8122,81,77,83.31799999999998,1.78
220,hovd,MN,2024-04-25 22:18:36,48.0056,91.6419,7,24,27.01400000000003,3.45
221,yuzhne,UA,2024-04-25 22:18:36,46.6221,31.1013,86,80,54.68000000000004,2.4
222,diok'nisi,GE,2024-04-25 22:18:36,41.6293,42.3917,100,65,59.54000000000002,2.92
223,yagry,,,,,,,,
224,dondo,MZ,2024-04-25 22:18:37,-19.6094,34.7431,32,95,73.184,1.74
225,opuwo,NA,2024-04-25 22:18:37,-18.0607,13.84,0,22,67.51400000000004,2.67
226,nova sintra,CV,2024-04-25 22:16:14,14.8667,-24.7167,8,82,73.83200000000002,6.81
227,tobelo,ID,2024-04-25 22:18:37,1.7284,128.0095,21,75,85.67599999999999,3.65
228,tual,ID,2024-04-25 22:18:38,-5.6667,132.75,98,74,84.86600000000001,5.25
229,rovaniemi,FI,2024-04-25 22:18:38,66.5,25.7167,0,80,33.475999999999985,3.09
230,paradip garh,IN,2024-04-25 22:18:38,20.3167,86.6167,0,55,92.87599999999999,4.35
231,pervomayskoye,RU,2024-04-25 22:18:38,43.919,46.7102,4,51,60.061999999999955,7.86
232,boyolangu,ID,2024-04-25 22:18:38,-8.1181,111.8935,61,74,84.97400000000002,2.38
233,suva,FJ,2024-04-25 22:18:39,-18.1416,178.4415,75,74,85.74800000000002,3.09
234,carutapera,BR,2024-04-25 22:18:39,-1.195,-46.02,100,94,76.316,1.39
235,at taj,LY,2024-04-25 22:09:33,24.2049,23.2857,66,23,71.41999999999996,5.25
236,la passe,FR,2024-04-25 22:18:39,45.5549,-0.8967,91,88,50.50399999999995,2.58
237,port lincoln,AU,2024-04-25 22:18:40,-34.7333,135.8667,100,53,60.943999999999974,2.89
238,mont-tremblant,CA,2024-04-25 22:16:59,46.1949,-74.6264,6,69,33.63800000000005,0.51
239,hayma',,,,,,,,
240,corner brook,CA,2024-04-25 22:15:07,48.9667,-57.9484,100,93,31.567999999999984,5.33
241,igrim,RU,2024-04-25 22:18:40,63.1906,64.4162,99,87,29.551999999999975,2.77
242,bonthe,SL,2024-04-25 22:10:13,7.5264,-12.505,100,84,79.26799999999999,3.19
243,inyati,ZW,2024-04-25 22:18:41,-19.6756,28.8469,0,70,59.88200000000002,3.32
244,tazovsky,RU,2024-04-25 22:14:06,67.4667,78.7,100,89,26.167999999999985,4.12
245,oroqen zizhiqi,CN,2024-04-25 22:18:41,50.5667,123.7167,41,26,47.35399999999995,5.9
246,beruniy,UZ,2024-04-25 22:18:42,41.6911,60.7525,0,45,62.83399999999999,3.09
247,ixtapa,MX,2024-04-25 22:18:42,20.7,-105.2,75,100,76.49600000000005,1.03
248,nemuro,JP,2024-04-25 22:09:25,43.3236,145.575,10,79,51.42200000000004,4.3
249,san sebastian de la gomera,ES,2024-04-25 22:16:35,28.0916,-17.1133,0,72,68.64800000000002,2.06
250,codrington,AU,2024-04-25 22:18:42,-38.2667,141.9667,100,66,57.48800000000004,4.4
251,campos altos,BR,2024-04-25 22:18:43,-19.6961,-46.1714,87,71,65.42599999999999,1.99
252,cannonvale,AU,2024-04-25 22:18:43,-20.2833,148.7,39,59,79.86199999999997,6.42
253,anadyr,RU,2024-04-25 22:18:43,64.75,177.4833,100,93,32.774000000000015,3
254,tchibanga,GA,2024-04-25 22:18:43,-2.85,11.0333,100,98,74.44399999999997,0.68
255,puerto princesa,PH,2024-04-25 22:18:43,9.7392,118.7353,20,62,91.65199999999999,2.57
256,mournies,GR,2024-04-25 22:18:44,35.4764,24.0092,20,72,59.108000000000004,7.2
257,woodbridge,US,2024-04-25 22:18:11,40.5576,-74.2846,0,65,47.20999999999998,2.06
258,forest,US,2024-04-25 22:18:24,37.3638,-79.2897,100,78,56.24600000000005,3.6
259,badger,US,2024-04-25 22:18:44,64.8,-147.5333,40,28,62.74399999999997,0
260,san pedro pochutla,MX,2024-04-25 22:18:44,15.7333,-96.4667,3,58,83.01199999999996,2.56
261,lockwood,US,2024-04-25 22:18:45,45.8191,-108.4149,75,58,60.96199999999996,4.12
262,damongo,,,,,,,,
263,askoy,NO,2024-04-25 22:18:45,60.4092,5.226,75,100,39.01999999999996,1.54
264,holmsund,SE,2024-04-25 22:18:45,63.706,20.3641,75,80,35.81600000000001,4.63
265,karratha,AU,2024-04-25 22:18:45,-20.7377,116.8463,100,32,88.21400000000003,7.57
266,bati,ET,2024-04-25 22:18:45,11.1833,40.0167,99,69,67.64000000000001,1.43
267,torbat-e heydariyeh,IR,2024-04-25 22:18:46,35.274,59.2195,73,60,55.022000000000034,4.95
268,rayside-balfour,,,,,,,,
269,paita,PE,2024-04-25 22:18:46,-5.0892,-81.1144,20,77,72.76999999999995,4.19
270,lazaro cardenas,MX,2024-04-25 22:18:46,17.9583,-102.2,8,82,77.64800000000002,2.2
271,turabah,SA,2024-04-25 22:18:46,21.2141,41.6331,28,40,73.74199999999999,2.49
272,launceston,AU,2024-04-25 22:16:37,-41.45,147.1667,3,48,66.41600000000001,1.54
273,borovichi,RU,2024-04-25 22:18:47,58.3878,33.9155,13,94,43.285999999999966,2.68
274,gagliano del capo,IT,2024-04-25 22:18:47,39.8442,18.3695,23,72,50.09000000000002,2.28
275,susuman,RU,2024-04-25 22:10:00,62.7833,148.1667,100,95,35.258,0.45
276,sovet,TJ,2024-04-25 22:18:47,38.0467,69.5882,100,94,59.288000000000046,2.27
277,cabo san lucas,MX,2024-04-25 22:18:48,22.8909,-109.9124,75,53,77.576,2.06
278,flying fish cove,CX,2024-04-25 22:18:48,-10.4217,105.6791,100,89,82.34600000000006,5.66
279,sadovoye,RU,2024-04-25 22:18:48,47.7764,44.5089,100,53,58.44199999999999,4.26
280,manokwari,ID,2024-04-25 22:18:48,-0.8667,134.0833,49,71,84.99199999999999,2.95
281,zhezqazghan,KZ,2024-04-25 22:18:48,47.7833,67.7667,0,45,45.44600000000005,8
282,egilsstadir,IS,2024-04-25 22:18:49,65.2653,-14.3948,75,93,32.18000000000004,2.57
283,mount gambier,AU,2024-04-25 22:18:49,-37.8333,140.7667,100,58,56.73200000000001,2.7
284,nyurba,RU,2024-04-25 22:09:42,63.2842,118.3319,99,74,25.7,2.73
285,haiku-pauwela,US,2024-04-25 22:18:49,20.9219,-156.3051,40,75,78.49399999999997,11.83
286,berrouaghia,DZ,2024-04-25 22:18:49,36.1352,2.9109,100,61,50.432000000000016,1.2
287,hamilton,US,2024-04-25 22:09:15,39.1834,-84.5333,0,64,51.29600000000005,1.54
288,kidal,ML,2024-04-25 22:18:50,18.4411,1.4078,0,11,85.334,3.6
289,vernon,CA,2024-04-25 22:18:50,50.2581,-119.2691,100,88,51.02599999999999,1.34
290,kashiwazaki,JP,2024-04-25 22:18:50,37.3667,138.55,77,48,79.15999999999998,3.63
291,plouzane,FR,2024-04-25 22:18:50,48.3833,-4.6167,75,93,46.85,3.09
292,wanning,CN,2024-04-25 22:18:51,18.8003,110.3967,0,60,90.96799999999999,8.38
293,tommot,RU,2024-04-25 22:18:51,58.9564,126.2925,100,72,24.61999999999996,3.53
294,adh dhibiyah,,,,,,,,
295,nova vicosa,BR,2024-04-25 22:18:29,-17.8919,-39.3719,2,81,77.59399999999997,3.5
296,kyren,RU,2024-04-25 22:18:52,51.6828,102.1408,43,42,38.20999999999998,0.45
297,isangel,VU,2024-04-25 22:18:52,-19.55,169.2667,40,78,82.77799999999996,4.12
298,trairi,BR,2024-04-25 22:08:07,-3.2778,-39.2689,22,87,75.75800000000001,1.25
299,ahau,,,,,,,,
300,choele choel,AR,2024-04-25 22:18:52,-39.2667,-65.6833,58,49,59.41400000000003,6.53
301,camana,PE,2024-04-25 22:18:53,-16.6228,-72.7111,100,85,68.18000000000004,2.64
302,isabela,PH,2024-04-25 22:18:53,6.7085,121.9711,52,63,88.12400000000002,1.74
303,fort bragg,US,2024-04-25 22:18:29,35.139,-79.006,20,63,66.18200000000002,4.63
304,nguigmi,NE,2024-04-25 22:18:53,14.2495,13.1092,0,15,87.674,4.06
305,anna regina,GY,2024-04-25 22:18:18,7.2644,-58.5077,95,81,79.50199999999998,3.67
306,lata,PT,2024-04-25 22:09:46,40.1629,-8.3327,100,91,52.34000000000002,0.99
307,uzgen,KG,2024-04-25 22:18:54,40.7699,73.3007,100,66,61.358000000000004,0.94
308,igarka,RU,2024-04-25 22:09:49,67.4667,86.5833,82,91,23.288000000000046,4.02
309,elizabethtown,US,2024-04-25 22:18:54,37.694,-85.8591,0,62,55.65199999999997,2.06
310,lodwar,KE,2024-04-25 22:18:54,3.1191,35.5973,100,81,75.326,6.85
311,mossel bay,ZA,2024-04-25 22:18:55,-34.1831,22.146,97,92,60.998000000000026,1.34
312,villa de soto,AR,2024-04-25 22:18:55,-30.8552,-64.9995,100,93,64.66999999999996,2.96
313,fuwwah,EG,2024-04-25 22:18:55,31.2029,30.5502,100,81,62.50999999999998,3.59
314,ta'izz,YE,2024-04-25 22:18:55,13.5,44,93,40,70.44800000000004,3.62
315,port-gentil,GA,2024-04-25 22:18:56,-0.7193,8.7815,100,84,82.058,3.33
316,darwin,AU,2024-04-25 22:18:56,-12.4611,130.8418,20,45,94.15399999999995,8.75
317,elkhorn,US,2024-04-25 22:16:40,42.6728,-88.5445,0,76,45.5,2.57
318,akom ii,CM,2024-04-25 22:18:56,2.7833,10.5667,96,99,73.09399999999997,0.94
319,kyosai,KR,2024-04-25 22:18:56,34.8503,128.5886,100,74,64.63399999999999,2.76
320,freetown,SL,2024-04-25 22:18:57,8.484,-13.2299,75,78,80.58200000000002,3.09
321,coahuayana de hidalgo,MX,2024-04-25 22:18:57,18.7,-103.6583,100,84,73.076,0.92
322,petropavlovsk-kamchatsky,RU,2024-04-25 22:18:57,53.0452,158.6483,75,74,54.464000000000034,7
323,waingapu,ID,2024-04-25 22:18:57,-9.6567,120.2641,7,71,86.54000000000002,6.18
324,grand gaube,MU,2024-04-25 22:18:57,-20.0064,57.6608,91,82,79.64600000000004,1.34
325,kete krachi,GH,2024-04-25 22:18:16,7.7939,-0.0498,53,81,82.32799999999997,5.58
326,happy valley-goose bay,CA,2024-04-25 22:15:10,53.3168,-60.3315,100,92,24.782000000000018,4.67
327,pindushi,RU,2024-04-25 22:18:58,62.9152,34.58,100,100,37.72400000000001,1.99
328,pandan,PH,2024-04-25 22:18:58,14.0453,124.1694,59,66,88.592,1.6
329,ta`u,AS,2024-04-25 22:18:58,-14.2336,-169.5144,22,70,84.45199999999997,5.49
330,chonchi,CL,2024-04-25 22:18:59,-42.6128,-73.8092,72,79,44.07799999999996,4.4
331,ratia,IN,2024-04-25 22:18:59,29.6833,75.5833,87,17,91.04000000000002,2.7
332,callao,PE,2024-04-25 22:18:59,-12.0667,-77.15,20,83,72.98599999999996,5.14
333,prince rupert,CA,2024-04-25 22:18:59,54.3161,-130.3201,0,77,53.564000000000036,5.14
334,san antonio de pale,GQ,2024-04-25 22:19:00,-1.4014,5.6325,99,82,83.35399999999996,3.77
335,taro,ID,2024-04-25 22:19:00,-8.3862,115.28,100,82,79.12400000000002,0.42
336,ar ruways,AE,2024-04-25 22:19:00,24.1103,52.7306,0,66,77.48599999999996,4.12
337,vanimo,PG,2024-04-25 22:19:00,-2.6741,141.3028,65,66,88.51999999999995,3.05
338,nuuk,GL,2024-04-25 22:17:17,64.1835,-51.7216,100,87,40.082000000000015,8.23
339,remire-montjoly,GF,2024-04-25 22:19:01,4.9167,-52.2667,0,94,75.50600000000003,0
340,nagqu,CN,2024-04-25 22:19:01,31.5,92,97,36,35.582000000000015,1.73
341,kanel,SN,2024-04-25 22:19:01,15.4916,-13.1763,59,19,89.708,6.45
342,astorga,BR,2024-04-25 22:19:01,-23.2325,-51.6656,22,68,69.42200000000004,2.25
343,tanjung pinang,ID,2024-04-25 22:19:02,0.9167,104.45,99,64,91.70600000000003,3.25
344,challapata,BO,2024-04-25 22:19:02,-18.9,-66.7667,31,54,55.417999999999985,2.97
345,burang,CN,2024-04-25 22:19:02,30.25,81.1667,0,32,34.03399999999999,2.09
346,sambava,MG,2024-04-25 22:19:02,-14.2667,50.1667,97,89,77.05399999999995,3.32
347,amarpatan,IN,2024-04-25 22:19:03,24.3167,80.9833,3,16,94.64000000000001,0.92
348,ambilobe,MG,2024-04-25 22:19:03,-13.2,49.05,100,95,74.53399999999999,1.28
349,kargasok,RU,2024-04-25 22:19:03,59.0556,80.8572,100,72,34.23200000000001,3.58
350,crane,US,2024-04-25 22:19:03,31.3974,-102.3501,56,74,74.01199999999996,10.79
351,saint-joseph,RE,2024-04-25 22:19:03,-21.3667,55.6167,27,80,74.04800000000003,3.66
352,tamanrasset,DZ,2024-04-25 22:19:04,22.785,5.5228,0,13,62.780000000000044,0
353,pocora,CR,2024-04-25 22:19:04,10.1718,-83.6044,100,95,73.23800000000006,1.67
354,itoman,JP,2024-04-25 22:19:04,26.1247,127.6694,75,87,81.64399999999998,6.69
355,boda,CF,2024-04-25 22:19:04,4.3189,17.4695,84,88,73.21999999999997,1.19
356,ambalangoda,LK,2024-04-25 22:19:04,6.2355,80.0538,100,79,83.80399999999995,3.11
357,sao raimundo nonato,BR,2024-04-25 22:19:04,-9.0153,-42.6994,86,61,80.34800000000003,0.82
358,butte,US,2024-04-25 22:19:05,39.6499,-121.5677,100,81,59.288000000000046,2.06
359,seogwipo,,,,,,,,
360,el nido,PH,2024-04-25 22:19:05,11.1858,119.3956,7,60,89.45600000000003,4.07
361,severnoye,RU,2024-04-25 22:16:49,56.3491,78.3619,18,63,39.25399999999995,2.68
362,nizhniy kuranakh,RU,2024-04-25 22:19:05,58.8353,125.4869,100,72,24.332000000000015,2.93
363,el alto,PE,2024-04-25 22:19:05,-4.2714,-81.2147,12,75,72.31999999999996,4.43
364,mount pearl,CA,2024-04-25 22:14:55,47.5166,-52.7813,6,83,32.41400000000003,2.68
365,gloria,PH,2024-04-25 22:19:06,12.9833,121.4667,1,59,88.43000000000004,3.97
366,sumperk,CZ,2024-04-25 22:18:05,49.9653,16.9706,31,93,33.601999999999975,1.27
367,campbellton,CA,2024-04-25 22:19:06,48.0075,-66.6727,9,75,34.51999999999996,3.03
368,cockburn town,TC,2024-04-25 22:15:34,21.4612,-71.1419,100,82,78.06199999999995,7.94
369,lubang,PH,2024-04-25 22:19:06,13.8584,120.124,0,77,84.01999999999995,6.69
370,goz beida,TD,2024-04-25 22:19:07,13.95,20.55,8,12,84.68599999999998,3.81
371,island harbour,GB,2024-04-25 22:09:52,50.724,-1.2758,100,88,46.49000000000002,3.49
372,choyr,MN,2024-04-25 22:19:07,46.3611,108.3611,100,82,31.532000000000018,5.63
373,tamala,RU,2024-04-25 22:19:07,52.541,43.2515,100,49,59.900000000000006,9.47
374,boksitogorsk,RU,2024-04-25 22:16:07,59.474,33.8485,56,94,42.872000000000035,2.37
375,nichinan,JP,2024-04-25 22:19:07,31.6,131.3667,100,85,67.94600000000005,2.2
376,huarmey,PE,2024-04-25 22:19:08,-10.0681,-78.1522,66,84,70.03399999999999,3.66
377,saint-pierre,RE,2024-04-25 22:10:10,-21.3393,55.4781,0,73,75.14600000000004,2.06
378,rikaze,CN,2024-04-25 22:19:08,29.25,88.8833,0,17,50.359999999999985,1.11
379,lensk,RU,2024-04-25 22:15:09,60.7253,114.9278,100,65,31.117999999999984,2.46
380,svetlyy,RU,2024-04-25 22:19:08,54.675,20.1347,24,91,35.63599999999997,4.58
381,hammerfest,NO,2024-04-25 22:19:09,70.6634,23.6821,4,74,29.11999999999996,0
382,shevchenko,UA,2024-04-25 22:19:09,48.5,35,100,67,63.62599999999999,2.23
383,hailar,CN,2024-04-25 22:19:09,49.2,119.7,6,26,48.83000000000004,6.78
384,koulamoutou,GA,2024-04-25 22:19:09,-1.1303,12.4736,100,99,72.95,0.6
385,mishelevka,RU,2024-04-25 22:19:09,52.8575,103.1719,100,45,41.46799999999998,6.97
386,livingston,GB,2024-04-25 22:16:09,55.9029,-3.5226,75,87,38.11999999999996,1.03
387,alto araguaia,BR,2024-04-25 22:19:10,-17.3147,-53.2153,98,65,75.74000000000002,1.37
388,general villegas,AR,2024-04-25 22:19:10,-35.0328,-63.0125,99,85,56.19199999999999,2.94
389,san cristobal,VE,2024-04-25 22:19:10,7.7669,-72.225,96,91,77.45,0.75
390,the pas,CA,2024-04-25 22:19:10,53.8251,-101.2541,100,41,57.48800000000004,2.06
391,sigli,ID,2024-04-25 22:19:10,5.3848,95.9609,100,71,85.02799999999996,1.08
392,rabah,NG,2024-04-25 22:19:10,13.1213,5.5074,0,33,88.51999999999995,2.44
393,holmen,US,2024-04-25 22:18:39,43.9633,-91.2562,0,45,55.45399999999995,3.6
394,wotho,MH,2024-04-25 22:19:11,10.1657,166.0102,81,79,81.35600000000002,9.41
395,bel ombre,SC,2024-04-25 22:09:33,-4.6167,55.4167,99,85,80.50999999999999,9.06
396,xilin hot,CN,2024-04-25 22:19:11,43.9667,116.0333,100,25,53.99600000000005,4.09
397,kon tum,VN,2024-04-25 22:19:11,14.35,108,6,36,95.97200000000004,2.03
398,sonsorol village,,,,,,,,
399,egersund,NO,2024-04-25 22:19:12,58.4513,5.9997,86,78,40.351999999999975,5.57
400,usogorsk,RU,2024-04-25 22:19:12,63.4106,48.6872,100,96,32.935999999999964,3.96
401,kalix,SE,2024-04-25 22:19:12,65.853,23.1565,100,95,30.038000000000046,3.96
402,palmer,US,2024-04-25 22:19:13,42.1584,-72.3287,0,64,42.674000000000014,1.44
403,saipan,MP,2024-04-25 22:19:13,15.1355,145.701,75,62,88.77200000000005,8.75
404,sungai raya,ID,2024-04-25 22:19:13,0.7,108.9,97,68,88.358,2.07
405,mega,ET,2024-04-25 22:19:13,4.05,38.3,100,97,60.15199999999997,1.66
406,undurkhaan,MN,2024-04-25 22:19:13,47.3194,110.6556,100,34,37.508,4
407,barcelos,PT,2024-04-25 22:09:28,41.5388,-8.6151,99,84,58.11799999999998,1.52
408,mar del plata,AR,2024-04-25 22:18:11,-38.0023,-57.5575,75,93,56.35399999999996,4.47
409,lerwick,GB,2024-04-25 22:19:14,60.1545,-1.1494,100,78,37.66999999999996,1.08
410,nouadhibou,MR,2024-04-25 22:19:14,20.931,-17.0347,100,73,71.85199999999998,5.66
411,geneina,SD,2024-04-25 22:19:14,13.45,22.45,12,33,81.55399999999995,2.68
412,shohimardon,UZ,2024-04-25 22:19:15,39.9839,71.8028,100,77,56.443999999999974,1.55
413,luxeuil-les-bains,FR,2024-04-25 22:19:15,47.8171,6.365,100,76,44.6,3.09
414,sao felix do xingu,BR,2024-04-25 22:19:15,-6.6447,-51.995,56,96,72.75199999999998,0.14
415,kapa'a,US,2024-04-25 22:19:15,22.0752,-159.319,100,73,82.65199999999999,7.72
416,petrovsk,RU,2024-04-25 22:19:15,52.3064,45.3917,100,63,58.658,5.33
417,aykhal,RU,2024-04-25 22:15:40,66,111.5,100,87,19.49000000000002,6.57
418,aquin,HT,2024-04-25 22:19:16,18.2833,-73.4,100,83,77.25199999999998,1.52
419,vyaz'ma,RU,2024-04-25 22:19:16,55.2104,34.2951,32,91,45.5,3.73
420,morehead city,US,2024-04-25 22:18:39,34.7229,-76.726,100,85,57.469999999999956,5.81
421,constitucion,CL,2024-04-25 22:15:21,-35.3333,-72.4167,100,86,54.69800000000002,1.24
422,lubango,AO,2024-04-25 22:19:17,-14.9172,13.4925,69,62,60.15199999999997,1.62
423,ishigaki,JP,2024-04-25 22:19:17,24.3448,124.1572,75,84,86.39600000000004,5.14
424,ribeira brava,PT,2024-04-25 22:19:17,32.65,-17.0667,0,69,63.98599999999997,2.52
425,san andres,CO,2024-04-25 22:19:17,12.5847,-81.7006,20,79,84.48800000000006,4.63
426,uturoa,PF,2024-04-25 22:10:09,-16.7333,-151.4333,25,75,83.35399999999996,4.32
427,skovorodino,RU,2024-04-25 22:19:18,53.9833,123.9167,56,35,36.95,6.42
428,puerto san carlos,,,,,,,,
429,sanctuary point,AU,2024-04-25 22:19:18,-35.1114,150.629,0,47,69.25999999999999,3.61
430,visby,SE,2024-04-25 22:19:18,57.6409,18.296,100,100,35.311999999999955,1.54
431,khandyga,RU,2024-04-25 22:19:18,62.6667,135.6,100,70,23.575999999999986,2.81
432,gembu,NG,2024-04-25 22:19:18,6.7,11.2667,96,84,64.83200000000002,1.21
433,cascais,PT,2024-04-25 22:19:18,38.6979,-9.4215,100,88,58.78399999999999,9.83
434,biloxi,US,2024-04-25 22:19:11,30.396,-88.8853,0,73,73.72400000000002,3.6
435,rodolfo sanchez taboada,MX,2024-04-25 22:19:19,31.7167,-116.5667,65,70,59.377999999999965,0.45
436,kerikeri,NZ,2024-04-25 22:19:19,-35.2268,173.9474,100,71,70.17799999999997,3.8
437,innoshima,JP,2024-04-25 22:19:19,34.2833,133.1833,100,75,69.83599999999997,0.93
438,devinuwara,,,,,,,,
439,konduga,NG,2024-04-25 22:19:19,11.6558,13.4213,28,30,86.18000000000004,3.89
440,cill airne,IE,2024-04-25 22:19:20,52.05,-9.5167,100,97,45.31999999999996,2.11
441,palikir - national government center,FM,2024-04-25 22:19:20,6.9248,158.1611,100,79,87.00800000000001,4.63
442,chinde,NP,2024-04-25 22:19:20,26.8418,88.0763,0,17,79.89800000000002,2.8
443,viqueque,TL,2024-04-25 22:19:20,-8.8673,126.3658,50,67,85.85600000000002,3.77
444,oranjemund,NA,2024-04-25 22:19:21,-28.55,16.4333,96,95,57.00199999999998,3.38
445,nadi,FJ,2024-04-25 22:19:21,-17.8,177.4167,75,70,88.06999999999996,4.63
446,slave lake,CA,2024-04-25 22:19:21,55.2834,-114.769,0,70,41.251999999999974,5.14
447,al-`ula,,,,,,,,
448,olovyannaya,RU,2024-04-25 22:19:21,50.95,115.5667,13,31,45.95,4.21
449,ghat,LY,2024-04-25 22:19:22,24.9647,10.1728,0,16,75.36199999999997,3.05
450,caibarien,CU,2024-04-25 22:18:52,22.5206,-79.4669,0,71,71.18599999999998,5.95
451,arno,SE,2024-04-25 22:19:22,60.1167,18.6333,100,98,35.05999999999998,2.57
452,sorong,ID,2024-04-25 22:19:22,-0.8833,131.25,36,77,84.39800000000002,3.8
453,ljusdal,SE,2024-04-25 22:19:22,61.8288,16.0913,100,87,32.161999999999956,1.69
454,westport,US,2024-04-25 22:17:06,41.1415,-73.3579,0,64,44.69000000000002,2.57
455,tabou,CI,2024-04-25 22:19:23,4.423,-7.3528,72,85,81.48200000000003,2.35
456,tilcara,AR,2024-04-25 22:19:23,-23.5776,-65.3509,62,27,55.903999999999954,1.98
457,markovo,RU,2024-04-25 22:19:23,57.3206,107.0881,100,68,34.358000000000004,3.44
458,kavieng,PG,2024-04-25 22:19:23,-2.5744,150.7967,79,73,85.58599999999997,3.21
459,chadron,US,2024-04-25 22:19:23,42.8294,-102.9999,100,81,56.227999999999966,2.57
460,namsos,NO,2024-04-25 22:19:23,64.4662,11.4957,17,70,37.72400000000001,4.12
461,lichuan,CN,2024-04-25 22:19:24,30.3,108.85,45,56,71.16799999999998,0.4
462,balqash,KZ,2024-04-25 22:19:24,46.8481,74.995,0,36,43.66400000000003,12
463,akureyri,IS,2024-04-25 22:07:19,65.6835,-18.0878,100,88,38.588000000000044,1.24
464,timbuktu,ML,2024-04-25 22:19:24,16.7735,-3.0074,2,10,87.35,4.36
465,bathsheba,BB,2024-04-25 22:19:24,13.2167,-59.5167,40,74,81.48200000000003,8.75
466,darhan,MN,2024-04-25 22:19:25,49.4867,105.9228,51,29,42.061999999999955,4.59
467,caazapa,PY,2024-04-25 22:19:25,-26.15,-56.4,23,81,75.83000000000004,2.31
468,ulladulla,AU,2024-04-25 22:19:25,-35.35,150.4667,0,48,68.03599999999997,3.54
469,aioun,MR,2024-04-25 22:19:25,16.6614,-9.6149,3,19,89.18599999999998,4.27
470,antalaha,MG,2024-04-25 22:16:01,-14.9003,50.2788,96,92,75.59600000000006,2.9
471,zhanaozen,KZ,2024-04-25 22:19:26,43.3,52.8,0,53,64.47200000000004,3.9
472,kothi,IN,2024-04-25 22:19:26,24.75,80.7833,0,12,95.88200000000002,1.44
473,broome,US,2024-04-25 22:19:26,42.2506,-75.833,0,71,36.96799999999998,1.76
474,kuanda,RU,2024-04-25 22:19:26,56.3161,116.0806,99,39,35.45600000000003,3.58
475,tsiombe,MG,2024-04-25 22:19:27,-25.3,45.4833,15,95,69.65600000000003,1.98
476,yangor,,,,,,,,
477,forster,AU,2024-04-25 22:19:27,-32.1667,152.5167,75,70,70.64600000000004,5.6
478,tateyama,JP,2024-04-25 22:19:27,34.9833,139.8667,75,64,73.59800000000003,5.14
479,tucupita,VE,2024-04-25 22:19:28,9.0622,-62.051,88,86,75.41600000000001,1.95
480,juan griego,VE,2024-04-25 22:19:28,11.0817,-63.9655,67,88,78.476,4.48
481,sept-iles,CA,2024-04-25 22:18:01,50.2001,-66.3821,40,67,28.66999999999996,3.6
482,iquique,CL,2024-04-25 22:19:28,-20.2208,-70.1431,59,82,68.30600000000004,0.83
483,massaguet,TD,2024-04-25 22:19:28,12.4755,15.4365,19,14,89.27599999999998,3.76
484,san julian,MX,2024-04-25 22:19:29,21.0167,-102.1667,99,16,72.21199999999996,4.5
485,madang,PG,2024-04-25 22:19:29,-5.2246,145.7966,44,67,88.06999999999996,3.29
486,okhotsk,RU,2024-04-25 22:18:21,59.3833,143.3,100,97,33.475999999999985,1.59
487,farrokh shahr,IR,2024-04-25 22:19:29,32.2717,50.9801,6,93,42.332000000000015,1.03
488,port saint john's,ZA,2024-04-25 22:19:29,-31.6229,29.5448,100,83,67.80199999999998,5.04
489,somero,FI,2024-04-25 22:19:30,60.6167,23.5333,100,98,35.00600000000003,0.53
490,walvis bay,NA,2024-04-25 22:07:46,-22.9575,14.5053,0,78,61.10600000000003,2.47
491,carmo do rio verde,BR,2024-04-25 22:19:30,-15.3536,-49.7075,75,63,75.99199999999999,1.34
492,chibougamau,CA,2024-04-25 22:19:30,49.9168,-74.3659,100,74,26.491999999999997,0
493,lethem,GY,2024-04-25 22:19:30,3.3803,-59.7968,100,81,77.05399999999995,0.72
494,cat ba,,,,,,,,
495,tobi village,,,,,,,,
496,freeport,US,2024-04-25 22:18:21,40.6576,-73.5832,0,72,47.227999999999966,2.57
497,ellsworth,US,2024-04-25 22:17:56,44.5434,-68.4195,0,79,40.11799999999998,0.89
498,bouznika,MA,2024-04-25 22:19:32,33.7894,-7.1597,75,100,57.63200000000002,1.54
499,taulaga,AS,2024-04-25 22:19:32,-11.0553,-171.0883,4,67,85.73000000000005,5.16
500,lagunas,PE,2024-04-25 22:19:32,-5.2269,-75.6753,100,92,75.88399999999999,1.13
501,harper,LR,2024-04-25 22:19:32,4.375,-7.7169,84,85,81.55399999999995,2.62
502,mpongwe,ZM,2024-04-25 22:19:32,-13.5091,28.155,5,65,56.94800000000002,2.48
503,puerto aysen,CL,2024-04-25 22:19:33,-45.4,-72.7,100,98,38.69600000000005,2.83
504,luderitz,NA,2024-04-25 22:19:33,-26.6481,15.1594,80,75,60.29600000000005,6.58
505,gusinoozyorsk,RU,2024-04-25 22:15:51,51.2833,106.5,99,54,39.16400000000003,8.05
506,hue,VN,2024-04-25 22:19:33,16.4667,107.6,20,41,100.77799999999996,3.09
507,masterton,NZ,2024-04-25 22:19:34,-40.9597,175.6575,75,61,60.15199999999997,4.83
508,mangrol,IN,2024-04-25 22:19:34,21.1167,70.1167,0,65,81.40999999999998,5.39
509,taoudenni,ML,2024-04-25 22:19:34,22.6783,-3.9836,41,12,85.334,4.24
510,derzhavinsk,KZ,2024-04-25 22:19:34,51.1,66.3167,100,44,44.94199999999999,6.14
511,west bay,KY,2024-04-25 22:19:34,19.3667,-81.4167,0,69,80.94200000000001,2.57
512,la palma,US,2024-04-25 22:19:35,33.8464,-118.0467,40,75,62.185999999999964,2.57
513,quelimane,MZ,2024-04-25 22:19:35,-17.8786,36.8883,40,94,71.816,1.16
514,kingston,JM,2024-04-25 22:19:35,17.997,-76.7936,20,70,85.424,2.57
515,alofi,NU,2024-04-25 22:09:42,-19.0595,-169.9187,75,74,84.36199999999997,5.14
516,cooper's town,BS,2024-04-25 22:19:35,26.8667,-77.5167,0,63,72.46400000000003,4.6
517,coquimbo,CL,2024-04-25 22:15:20,-29.9533,-71.3436,100,68,62.13200000000002,0.74
518,fuglafjordur,FO,2024-04-25 22:19:36,62.244,-6.814,100,83,39.938000000000045,9.46
519,vialonga,PT,2024-04-25 22:19:36,38.8709,-9.0682,75,76,58.477999999999966,1.79
520,lochem,NL,2024-04-25 22:19:36,52.1592,6.4111,100,92,43.84399999999997,2.58
521,nova russas,BR,2024-04-25 22:19:36,-4.7067,-40.5631,20,99,70.44800000000004,1.51
522,sakaiminato,JP,2024-04-25 22:19:36,35.55,133.2333,75,53,77.19800000000004,4.63
523,los alamos,US,2024-04-25 22:19:37,35.8881,-106.307,100,39,50.935999999999964,3.6
524,bandar-e lengeh,IR,2024-04-25 22:19:37,26.5579,54.8807,0,69,75.57799999999997,2.06
525,tolanaro,MG,2024-04-25 22:19:37,-25.0319,46.9987,22,91,72.734,4.08
526,cumbal,CO,2024-04-25 22:19:37,0.9088,-77.7915,95,97,47.24600000000005,1.82
527,harstad,NO,2024-04-25 22:19:37,68.799,16.5293,86,70,34.43000000000004,4.02
528,yuzhno-kurilsk,RU,2024-04-25 22:10:00,44.0306,145.8556,5,66,56.641999999999996,1.84
529,lesnoy,RU,2024-04-25 22:19:38,57.6198,63.0784,100,97,36.30199999999998,1.17
530,soio,AO,2024-04-25 22:19:38,-6.1349,12.3689,100,90,80.33000000000004,2.24
531,miguelopolis,BR,2024-04-25 22:19:38,-20.1794,-48.0319,96,58,80.69000000000003,0.82
532,kamloops,CA,2024-04-25 22:16:54,50.6665,-120.3192,100,90,49.00999999999998,0
533,mormugao,IN,2024-04-25 22:19:38,15.4,73.8,20,70,85.53200000000001,2.06
534,es castell,ES,2024-04-25 22:19:38,39.8795,4.2854,20,82,54.55399999999995,1.03
535,barra,BR,2024-04-25 22:19:39,-11.0894,-43.1417,30,75,78.51199999999996,2.63
536,mahina,PF,2024-04-25 22:19:39,-17.5065,-149.489,75,74,86.03599999999997,3.09
537,yarrawonga,AU,2024-04-25 22:19:39,-36.0167,146,0,38,66.77599999999998,1.12
538,xining,CN,2024-04-25 22:19:11,36.6167,101.7667,100,27,59.39600000000005,2.64
539,aldinga beach,AU,2024-04-25 22:19:39,-35.2793,138.4604,89,52,65.03000000000004,2.77
540,general mosconi,AR,2024-04-25 22:19:39,-23.1851,-62.303,60,87,71.33000000000004,2.93
541,nyandoma,RU,2024-04-25 22:19:40,61.669,40.1991,88,98,44.492,2.46
542,sinop,TR,2024-04-25 22:19:40,41.7711,34.8709,98,42,65.37200000000004,1.98
543,vostochnyy,RU,2024-04-25 22:19:40,55.8167,37.8667,100,76,57.398000000000025,1.92
544,i-n-salah,DZ,2024-04-25 22:19:40,27.1935,2.4607,0,14,80.02400000000002,4.27
545,papao,PF,2024-04-25 22:05:11,-17.75,-149.55,72,80,85.94600000000005,4.02
546,gotsucho,JP,2024-04-25 22:19:41,35,132.2167,100,67,68.19800000000004,0.62
547,berdigestyakh,RU,2024-04-25 22:19:41,62.0989,126.6992,100,84,20.82200000000004,4.2
548,roma,US,2024-04-25 22:19:41,43.2128,-75.4557,0,66,37.99399999999997,0.45
549,puerto baquerizo moreno,EC,2024-04-25 22:19:41,-0.9,-89.6,79,84,77.28800000000004,2.46
550,timaru,NZ,2024-04-25 22:19:41,-44.4,171.25,95,48,54.33800000000005,1.79
551,fernie,CA,2024-04-25 22:19:42,49.5,-115.0687,100,85,52.26799999999999,1.9
552,sandnessjoen,NO,2024-04-25 22:19:42,66.0217,12.6316,29,71,34.592,7.55
553,portel,BR,2024-04-25 22:19:43,-1.9356,-50.8211,100,97,75.52400000000002,1.31
554,natal,BR,2024-04-25 22:19:05,-5.795,-35.2094,20,94,77.91799999999998,3.09
555,ankang,CN,2024-04-25 22:19:43,32.68,109.0172,0,51,80.34800000000003,0.04
556,cururupu,BR,2024-04-25 22:19:43,-1.8283,-44.8683,100,100,74.19200000000001,0.28
557,santa helena,BR,2024-04-25 22:19:43,-2.2311,-45.3,100,98,74.642,0.85
558,harrison,US,2024-04-25 22:19:44,30.4091,-89.0436,0,77,73.74199999999999,3.6
559,fale old settlement,TK,2024-04-25 22:19:44,-9.3852,-171.2468,39,75,85.02799999999996,5.27
560,kruisfontein,ZA,2024-04-25 22:19:44,-34.0033,24.7314,100,95,61.15999999999998,3.38
561,zeya,RU,2024-04-25 22:19:44,53.75,127.2667,100,80,37.75999999999998,5.51
562,nao me toque,BR,2024-04-25 22:19:44,-28.4592,-52.8208,85,95,69.35,2.83
563,aiquile,BO,2024-04-25 22:19:45,-18.2041,-65.1807,89,91,58.02799999999996,1.52
564,llanes,ES,2024-04-25 22:16:00,43.4198,-4.7549,70,80,53.096000000000046,2.33
565,shitanjing,CN,2024-04-25 22:19:45,39.2342,106.3439,100,29,62.438000000000045,5.14
566,mpika,ZM,2024-04-25 22:19:45,-11.8343,31.4529,82,83,54.76999999999996,1.87
567,praia da vitoria,PT,2024-04-25 22:19:45,38.7333,-27.0667,75,88,59.522000000000034,5.32
568,searcy,US,2024-04-25 22:19:45,35.2506,-91.7363,100,84,57.469999999999956,4.63
569,portland,US,2024-04-25 22:10:04,45.5234,-122.6762,100,90,54.877999999999965,2.24
570,road town,VG,2024-04-25 22:19:46,18.4167,-64.6167,100,73,80.95999999999998,7.75
571,atherton,GB,2024-04-25 22:19:46,53.5237,-2.4935,36,89,38.01199999999996,1.47
572,sinabang,ID,2024-04-25 22:19:46,2.4803,96.3801,100,74,84.88399999999999,1.02
573,buala,SB,2024-04-25 22:10:05,-8.145,159.5921,82,76,85.80199999999998,2.05
574,grand falls-windsor,CA,2024-04-25 22:19:20,48.9332,-55.6649,25,69,33.78200000000002,1.34
575,kushiro,JP,2024-04-25 22:19:46,42.975,144.3747,0,55,62.024000000000015,6.17
576,albertina,BR,2024-04-25 22:19:47,-22.2008,-46.6158,29,79,65.78599999999997,2.63
577,al qadarif,SD,2024-04-25 22:19:47,14.0349,35.3834,67,14,84.14600000000004,4.33
578,raduzhny,RU,2024-04-25 22:19:47,62.0961,77.475,96,86,26.761999999999954,1.29
579,awjilah,LY,2024-04-25 22:19:47,29.1081,21.2869,72,53,58.891999999999996,5.05
580,marang,MY,2024-04-25 22:19:47,5.2056,103.2059,100,65,91.58000000000004,0.76
581,manadhoo,MV,2024-04-25 22:19:47,5.7667,73.3833,55,74,84.27200000000005,0.92
582,madera,US,2024-04-25 22:19:48,37.1666,-119.8343,63,74,64.58000000000004,2.69
583,tulln,AT,2024-04-25 22:19:48,48.3283,16.0586,6,83,40.31600000000001,0.41
584,port moresby,PG,2024-04-25 22:15:04,-9.4431,147.1797,40,66,89.29399999999998,5.14
585,fonadhoo,,,,,,,,
586,borodulikha,KZ,2024-04-25 22:15:12,50.7184,80.9295,0,30,36.158,10.41
587,tol'yatti,RU,2024-04-25 22:19:48,53.5303,49.3461,97,81,51.89000000000002,4.51
588,selkirk,CA,2024-04-25 22:19:49,50.1436,-96.8845,66,45,64.74199999999999,5.36
589,kunhegyes,HU,2024-04-25 22:18:18,47.3667,20.6333,7,82,35.851999999999975,0.86
590,mili,MH,2024-04-25 22:19:49,6.0815,171.735,31,82,82.868,9.71
591,ballina,AU,2024-04-25 22:19:49,-28.8667,153.5667,97,66,70.05199999999998,6.62
592,birao,CF,2024-04-25 22:19:49,10.2849,22.7882,96,34,86.30600000000004,3
593,kittila,FI,2024-04-25 22:19:49,67.6647,24.8936,0,86,29.875999999999987,1.54
594,andergrove,AU,2024-04-25 22:19:50,-21.0833,149.1833,6,68,85.90999999999998,5.4
595,geraldton,AU,2024-04-25 22:16:52,-28.7667,114.6,0,34,79.484,6.69
596,ha giang,VN,2024-04-25 22:19:50,22.8333,104.9833,1,44,93.95600000000003,2.19
597,carboneras,ES,2024-04-25 22:19:50,37.0015,-1.9213,0,82,59.774000000000015,1.55
598,greenland,US,2024-04-25 22:19:51,43.0362,-70.8328,0,77,42.38599999999997,0
599,vargarda,SE,2024-04-25 22:19:51,58.0371,12.8091,100,96,36.193999999999974,1.76
600,mabaruma,GY,2024-04-25 22:19:51,8.2,-59.7833,92,87,76.424,1.22
601,bambari,CF,2024-04-25 22:19:51,5.768,20.6757,100,69,76.00999999999999,1.35
